{"v":"5.6.2","fr":30,"ip":0,"op":301,"w":1056,"h":960,"nm":"Lottie_driver not found (rev)","ddd":0,"assets":[{"id":"image_0","w":514,"h":895,"u":"images/","p":"img_0.png","e":0},{"id":"image_1","w":809,"h":165,"u":"images/","p":"img_1.png","e":0},{"id":"image_2","w":491,"h":481,"u":"images/","p":"img_2.png","e":0},{"id":"image_3","w":560,"h":496,"u":"images/","p":"img_3.png","e":0},{"id":"image_4","w":1382,"h":458,"u":"images/","p":"img_4.png","e":0},{"id":"image_5","w":1814,"h":601,"u":"images/","p":"img_5.png","e":0}],"layers":[{"ddd":0,"ind":1,"ty":2,"nm":"Layer 8","refId":"image_0","sr":1,"ks":{"o":{"a":0,"k":100,"ix":11},"r":{"a":0,"k":0,"ix":10},"p":{"a":0,"k":[737.198,572.268,0],"ix":2},"a":{"a":0,"k":[256.952,447.439,0],"ix":1},"s":{"a":0,"k":[100,100,100],"ix":6}},"ao":0,"ip":0,"op":301,"st":0,"bm":0},{"ddd":0,"ind":2,"ty":2,"nm":"Layer 6","refId":"image_1","sr":1,"ks":{"o":{"a":0,"k":100,"ix":11},"r":{"a":0,"k":0,"ix":10},"p":{"a":1,"k":[{"i":{"x":0.667,"y":1},"o":{"x":0.333,"y":0},"t":5,"s":[1524.354,141.357,0],"to":[-327.333,0,0],"ti":[327.333,0,0]},{"t":301,"s":[-439.646,141.357,0]}],"ix":2},"a":{"a":0,"k":[404.035,82.357,0],"ix":1},"s":{"a":0,"k":[100,100,100],"ix":6}},"ao":0,"ip":0,"op":301,"st":0,"bm":0},{"ddd":0,"ind":3,"ty":2,"nm":"Layer 7","refId":"image_2","sr":1,"ks":{"o":{"a":0,"k":100,"ix":11},"r":{"a":0,"k":0,"ix":10},"p":{"a":1,"k":[{"i":{"x":0.833,"y":0.833},"o":{"x":0.333,"y":0},"t":90,"s":[1671.137,746.975,0],"to":[-320,0,0],"ti":[320,0,0]},{"t":150,"s":[-248.863,746.975,0]}],"ix":2},"a":{"a":0,"k":[245.404,240.453,0],"ix":1},"s":{"a":0,"k":[-88.59,88.59,100],"ix":6}},"ao":0,"ip":0,"op":301,"st":0,"bm":0},{"ddd":0,"ind":4,"ty":2,"nm":"Layer 11","refId":"image_3","sr":1,"ks":{"o":{"a":0,"k":100,"ix":11},"r":{"a":0,"k":0,"ix":10},"p":{"a":1,"k":[{"i":{"x":0.833,"y":0.833},"o":{"x":0.333,"y":0},"t":120,"s":[-371.543,758.146,0],"to":[284,0,0],"ti":[-284,0,0]},{"t":195,"s":[1332.457,758.146,0]}],"ix":2},"a":{"a":0,"k":[279.793,247.83,0],"ix":1},"s":{"a":0,"k":[84.667,84.667,100],"ix":6}},"ao":0,"ip":0,"op":301,"st":0,"bm":0},{"ddd":0,"ind":5,"ty":2,"nm":"Layer 5","refId":"image_4","sr":1,"ks":{"o":{"a":0,"k":100,"ix":11},"r":{"a":0,"k":0,"ix":10},"p":{"a":0,"k":[506.5,731.39,0],"ix":2},"a":{"a":0,"k":[690.584,228.86,0],"ix":1},"s":{"a":0,"k":[100,100,100],"ix":6}},"ao":0,"ip":0,"op":301,"st":0,"bm":0},{"ddd":0,"ind":6,"ty":2,"nm":"Layer 4","refId":"image_5","sr":1,"ks":{"o":{"a":0,"k":100,"ix":11},"r":{"a":0,"k":0,"ix":10},"p":{"a":0,"k":[533.918,612.19,0],"ix":2},"a":{"a":0,"k":[906.812,300.19,0],"ix":1},"s":{"a":0,"k":[100,100,100],"ix":6}},"ao":0,"ip":0,"op":301,"st":0,"bm":0}],"markers":[]}