{
  "project_info": {
    "project_number": "673380388857",
    "project_id": "helpthehunger-938bf",
    "storage_bucket": "helpthehunger-938bf.appspot.com"
  },
  "client": [
    {
      "client_info": {
        "mobilesdk_app_id": "1:673380388857:android:1bc7f880e14ca117f63728",
        "android_client_info": {
          "package_name": "com.rnandini.myfirstapp"
        }
      },
      "oauth_client": [
        {
          "client_id": "673380388857-656fglslfkfl2hsuscdoqim0mrltjik1.apps.googleusercontent.com",
          "client_type": 3
        }
      ],
      "api_key": [
        {
          "current_key": "AIzaSyB_4fh9f0ZYKgABOU8i2OAKUvmuHc1hg8g"
        }
      ],
      "services": {
        "appinvite_service": {
          "other_platform_oauth_client": [
            {
              "client_id": "673380388857-656fglslfkfl2hsuscdoqim0mrltjik1.apps.googleusercontent.com",
              "client_type": 3
            }
          ]
        }
      }
    }
  ],
  "configuration_version": "1"
}